Source_Gene,Neighbor_Name,Neighbor_Index,Relevance_Score,Cluster
SAP18,SAP18,1224,7.79648,0
DMAP1,DMAP1,437,7.78061,0
RARB,RARB,1504,7.77966,0
TFDP2,TFDP2,192,7.7717,0
KIF7,KIF7,1765,7.77114,0
SMC2,SMC2,1284,7.76679,0
SIN3B,SIN3B,1270,7.76346,0
LBR,LBR,1477,7.75863,0
PCGF5,PCGF5,595,7.75833,0
RRAS,RRAS,873,7.75799,0
WBP4,WBP4,1109,7.75563,0
MEF2C,MEF2C,868,7.75547,0
ELL2,ELL2,1576,7.75498,0
HMGB2,HMGB2,418,7.74976,0
PPARA,PPARA,348,7.74903,0
MED15,MED15,1229,7.7474,0
PDS5B,PDS5B,1017,7.74636,0
NPAT,NPAT,1578,7.74458,0
SCML2,SCML2,1581,7.74364,0
DTL,DTL,344,7.74304,0
SRSF6,SRSF6,1102,7.74264,0
DSN1,DSN1,1249,7.74228,0
MAML2,MAML2,1687,7.74212,0
UIMC1,UIMC1,582,7.74005,0
NEK7,NEK7,1182,7.73995,0
RYBP,RYBP,404,7.73982,0
PIN1,PIN1,1671,7.73798,0
TFAP4,TFAP4,1586,7.73561,0
KLHL9,KLHL9,409,7.7344,0
HAND2,HAND2,1510,7.73309,0
BRAP,BRAP,1199,7.73288,0
SSRP1,SSRP1,1056,7.73241,0
TOE1,TOE1,765,7.73016,0
SOCS3,SOCS3,375,7.72778,0
LDB2,LDB2,636,7.72764,0
NHEJ1,NHEJ1,620,7.72696,0
RERE,RERE,1546,7.72664,0
NR1H4,NR1H4,462,7.72514,0
FGR,FGR,1358,7.72384,0
MEX3B,MEX3B,1928,7.72373,0
KMT2E,KMT2E,1788,7.72326,0
MCM10,MCM10,1174,7.71767,0
SLX4,SLX4,1540,7.71415,0
RAC3,RAC3,779,7.7113,0
STAG3,STAG3,1533,7.70973,0
GRM1,GRM1,1904,7.70958,0
KIF9,KIF9,1912,7.70938,0
NOS3,NOS3,194,7.70914,0
PMS1,PMS1,1138,7.70835,0
NUBP2,NUBP2,806,7.70583,0
PRDX1,PRDX1,1316,7.70558,0
E2F5,E2F5,289,7.69957,0
FOXL1,FOXL1,1297,7.69717,0
WASF1,WASF1,784,7.6967,0
NFX1,NFX1,929,7.69179,0
REPS1,REPS1,1598,7.68864,0
PSME4,PSME4,1292,7.68443,0
SDC1,SDC1,1866,7.68371,0
ZW10,ZW10,1043,7.67912,0
PNKP,PNKP,1649,7.67389,0
EBP,EBP,890,7.82486,1
COQ6,COQ6,1795,7.82276,1
TONSL,TONSL,1285,7.8224,1
ACOX1,ACOX1,892,7.8214,1
TIMP2,TIMP2,1332,7.82028,1
BBS1,BBS1,525,7.81538,1
TWSG1,TWSG1,1325,7.81362,1
APOC3,APOC3,1118,7.81276,1
SMAD1,SMAD1,199,7.81115,1
NOTUM,NOTUM,925,7.80947,1
AP3B1,AP3B1,1474,7.80817,1
SMC1B,SMC1B,1456,7.80797,1
GRIA3,GRIA3,1143,7.80759,1
CD59,CD59,1488,7.80748,1
APOA2,APOA2,824,7.80558,1
BBS7,BBS7,633,7.8035,1
AP3D1,AP3D1,1412,7.80307,1
DLG2,DLG2,958,7.80254,1
ABCD3,ABCD3,69,7.80253,1
CXCL5,CXCL5,554,7.80193,1
AP3M1,AP3M1,1672,7.80177,1
AP3S2,AP3S2,1413,7.80106,1
CCL28,CCL28,972,7.80101,1
SAP30,SAP30,257,7.80004,1
ANXA7,ANXA7,1193,7.79925,1
EGFR,EGFR,216,7.79909,1
ARRB2,ARRB2,225,7.79818,1
RAD18,RAD18,41,7.79777,1
CENPB,CENPB,1148,7.79765,1
C2CD3,C2CD3,630,7.79755,1
CCL13,CCL13,514,7.79741,1
BBS4,BBS4,673,7.79692,1
DHRS4,DHRS4,1647,7.7964,1
FLNC,FLNC,1140,7.7962,1
MECP2,MECP2,905,7.79604,1
AP2M1,AP2M1,191,7.79564,1
CD3D,CD3D,124,7.79515,1
AP2A2,AP2A2,1330,7.79505,1
MATN2,MATN2,1351,7.79386,1
BBS2,BBS2,474,7.79348,1
CCL7,CCL7,919,7.7929,1
AMPH,AMPH,74,7.79249,1
DDX47,DDX47,1728,7.7924,1
MYH10,MYH10,990,7.79214,1
DCTN6,DCTN6,1007,7.79179,1
EPHA2,EPHA2,688,7.79166,1
CUL5,CUL5,342,7.79137,1
AHI1,AHI1,598,7.79112,1
BIRC5,BIRC5,786,7.79051,1
ALMS1,ALMS1,1668,7.79049,1
MCM2,MCM2,499,7.79005,1
KIF23,KIF23,1079,7.7898,1
ACTN2,ACTN2,744,7.78933,1
TPM1,TPM1,737,7.78918,1
BICD1,BICD1,1889,7.78887,1
ACOX3,ACOX3,1637,7.78816,1
AIFM1,AIFM1,1306,7.78814,1
APOB,APOB,817,7.78806,1
DAB2,DAB2,73,7.78775,1
ABI2,ABI2,706,7.78747,1
ARPC3,ARPC3,826,7.78696,1
CDC27,CDC27,286,7.78691,1
PIAS2,PIAS2,629,7.78687,1
HDAC5,HDAC5,1160,7.78646,1
ROCK1,ROCK1,1155,7.78628,1
TBL1X,TBL1X,702,7.78576,1
BMI1,BMI1,334,7.7855,1
UBXN7,UBXN7,481,7.78547,1
CUL1,CUL1,287,7.78544,1
TPM3,TPM3,857,7.78453,1
RAB5A,RAB5A,680,7.78451,1
PIAS3,PIAS3,1188,7.78426,1
AMFR,AMFR,1531,7.78414,1
VDAC2,VDAC2,346,7.78397,1
APOC2,APOC2,1202,7.78351,1
ACADM,ACADM,1662,7.78309,1
RAB8A,RAB8A,800,7.78301,1
IDE,IDE,769,7.78272,1
HAUS1,HAUS1,860,7.78271,1
FHL3,FHL3,647,7.78271,1
RCC1,RCC1,352,7.7827,1
SEPT2,SEPT2,694,7.78266,1
PRPF3,PRPF3,807,7.78225,1
BMP2,BMP2,1414,7.78196,1
DDB1,DDB1,129,7.78166,1
AP2A1,AP2A1,190,7.78164,1
PRKDC,PRKDC,406,7.78157,1
BBS12,BBS12,690,7.78088,1
NID1,NID1,1346,7.78084,1
CDK9,CDK9,97,7.78074,1
LYN,LYN,233,7.7805,1
BUB1,BUB1,181,7.78028,1
GRHPR,GRHPR,1634,7.78028,1
AP2B1,AP2B1,320,7.78024,1
ACTN4,ACTN4,385,7.78018,1
RBM39,RBM39,408,7.77962,1
PEX12,PEX12,840,7.77942,1
MYL6B,MYL6B,1623,7.7794,1
HYOU1,HYOU1,1636,7.77931,1
EPS15,EPS15,1041,7.77907,1
MTA1,MTA1,466,7.77884,1
MCM5,MCM5,886,7.77874,1
PLK1,PLK1,167,7.77836,1
CCL14,CCL14,970,7.7782,1
RAB5C,RAB5C,594,7.77789,1
MBD2,MBD2,448,7.77774,1
HIPK2,HIPK2,101,7.77774,1
GNAI2,GNAI2,1563,7.77746,1
CD81,CD81,98,7.777,1
GANAB,GANAB,1673,7.77699,1
ATG9A,ATG9A,1091,7.77683,1
CHD3,CHD3,1051,7.7768,1
HCK,HCK,226,7.77661,1
ERCC8,ERCC8,432,7.77651,1
CDC5L,CDC5L,808,7.7765,1
KAT2B,KAT2B,293,7.77643,1
TEAD4,TEAD4,996,7.77605,1
TBP,TBP,389,7.77589,1
CTBP1,CTBP1,1218,7.77583,1
GSK3B,GSK3B,112,7.77569,1
ABCD1,ABCD1,68,7.77512,1
BARD1,BARD1,9,7.77505,1
UBE2N,UBE2N,1158,7.77487,1
PRKN,PRKN,888,7.77481,1
HMGCL,HMGCL,1645,7.77469,1
TTK,TTK,396,7.77455,1
LAMP1,LAMP1,1498,7.77445,1
COX5B,COX5B,1724,7.7742,1
ARPC2,ARPC2,503,7.77419,1
BAG3,BAG3,1663,7.77408,1
MYO1C,MYO1C,61,7.774,1
OCRL,OCRL,642,7.77378,1
FXR2,FXR2,754,7.77328,1
TACO1,TACO1,1873,7.77312,1
CENPC,CENPC,942,7.77294,1
CCNH,CCNH,1113,7.77278,1
AP1B1,AP1B1,1067,7.77264,1
SMC3,SMC3,331,7.77208,1
INSR,INSR,701,7.77174,1
GRB2,GRB2,1,7.77173,1
GNPAT,GNPAT,1643,7.7717,1
VAMP3,VAMP3,843,7.77155,1
PIAS1,PIAS1,144,7.77153,1
NUP62,NUP62,643,7.77145,1
AGO2,AGO2,867,7.7714,1
ING2,ING2,734,7.77105,1
KAT2A,KAT2A,153,7.77008,1
FLOT2,FLOT2,51,7.76971,1
RING1,RING1,434,7.76959,1
PICK1,PICK1,730,7.76942,1
DRD4,DRD4,552,7.76911,1
BCL6,BCL6,1055,7.76904,1
RPRD2,RPRD2,1242,7.7689,1
MYO6,MYO6,918,7.76874,1
U2AF2,U2AF2,563,7.76857,1
JUND,JUND,148,7.76851,1
SHC1,SHC1,208,7.76838,1
SRRM2,SRRM2,1163,7.76829,1
RBX1,RBX1,290,7.76826,1
SKP2,SKP2,555,7.76811,1
AP1S1,AP1S1,1073,7.76807,1
HDAC3,HDAC3,163,7.76783,1
LATS2,LATS2,1215,7.76768,1
SPRTN,SPRTN,1682,7.76754,1
NOP56,NOP56,907,7.76752,1
CAND1,CAND1,315,7.76736,1
HSPB1,HSPB1,580,7.76731,1
PEX26,PEX26,1885,7.76719,1
CEBPB,CEBPB,116,7.76704,1
SRPK1,SRPK1,569,7.76696,1
ELOB,ELOB,33,7.76683,1
BMF,BMF,721,7.76637,1
MTG2,MTG2,1838,7.76607,1
SF3B3,SF3B3,1004,7.76601,1
CDK1,CDK1,15,7.76583,1
TNNC1,TNNC1,543,7.76538,1
TAF9,TAF9,487,7.76495,1
SRRM1,SRRM1,732,7.76475,1
KAT5,KAT5,6,7.76472,1
LSM 6.00,LSM 6.00,1121,7.76436,1
RAN,RAN,240,7.76424,1
BRCC3,BRCC3,912,7.76395,1
CENPN,CENPN,1260,7.76392,1
PHB,PHB,336,7.76299,1
NFYA,NFYA,292,7.76235,1
RBL1,RBL1,273,7.76219,1
VWA8,VWA8,1872,7.76209,1
MCM6,MCM6,388,7.76202,1
STAT1,STAT1,70,7.76181,1
IDH3G,IDH3G,1177,7.76169,1
SF3A1,SF3A1,559,7.76107,1
CDK4,CDK4,26,7.76088,1
AP1M1,AP1M1,546,7.7607,1
SDHB,SDHB,141,7.7606,1
CDC16,CDC16,284,7.76049,1
UBC,UBC,443,7.76036,1
IFT57,IFT57,910,7.75992,1
GLRB,GLRB,1821,7.75961,1
MCM3,MCM3,676,7.75928,1
COX5A,COX5A,1723,7.75909,1
MAX,MAX,91,7.75869,1
RBMX,RBMX,371,7.75869,1
PDK1,PDK1,422,7.75836,1
DLG3,DLG3,131,7.75743,1
CNR1,CNR1,1364,7.75704,1
PLS1,PLS1,267,7.75448,1
E2F2,E2F2,740,7.75369,1
MCAT,MCAT,1891,7.75361,1
BTK,BTK,235,7.75278,1
FOXE1,FOXE1,1314,7.75203,1
HDAC4,HDAC4,933,7.75192,1
TOP 1.00,TOP 1.00,303,7.74994,1
PTCD3,PTCD3,1650,7.74838,1
EIF3D,EIF3D,1076,7.74364,1
GID8,GID8,1920,7.73819,1
BAZ1B,BAZ1B,1012,7.82474,2
OS9,OS9,603,7.8228,2
ADRB2,ADRB2,302,7.82264,2
MSH4,MSH4,137,7.81921,2
CCL21,CCL21,898,7.81888,2
CFTR,CFTR,1057,7.81528,2
FYN,FYN,221,7.81483,2
ASPH,ASPH,1410,7.81323,2
BET1,BET1,1868,7.81228,2
CIAO1,CIAO1,756,7.81116,2
CBX8,CBX8,374,7.81108,2
RAC1,RAC1,263,7.80985,2
CTR9,CTR9,681,7.80889,2
CENPA,CENPA,753,7.80867,2
AP1S2,AP1S2,321,7.80797,2
ERN 1.00,ERN 1.00,602,7.80769,2
CALR3,CALR3,1709,7.80751,2
DPM2,DPM2,1003,7.80749,2
MYO5C,MYO5C,1561,7.80748,2
CUL2,CUL2,400,7.80669,2
RC3H1,RC3H1,1137,7.80667,2
CD4,CD4,1169,7.80641,2
INVS,INVS,1074,7.8063,2
CCL26,CCL26,937,7.8061,2
EXOC3,EXOC3,949,7.80594,2
HDAC2,HDAC2,29,7.80533,2
AMOT,AMOT,1471,7.80453,2
IRAK1,IRAK1,53,7.80427,2
CDK2,CDK2,83,7.80377,2
DERL2,DERL2,1543,7.80327,2
CBX3,CBX3,438,7.8032,2
NCF1,NCF1,162,7.80113,2
OFD1,OFD1,776,7.80087,2
SRC,SRC,87,7.79986,2
MSH3,MSH3,652,7.79986,2
FNTB,FNTB,3,7.79954,2
STX1A,STX1A,126,7.79923,2
LMNB1,LMNB1,626,7.79849,2
DNMT1,DNMT1,728,7.79844,2
DOCK8,DOCK8,605,7.79739,2
DCAF8,DCAF8,395,7.7973,2
MCL1,MCL1,420,7.79706,2
EMD,EMD,459,7.79688,2
EDC4,EDC4,764,7.79602,2
BIN1,BIN1,75,7.79513,2
CXCL6,CXCL6,387,7.79485,2
PDPK1,PDPK1,268,7.79352,2
LMO4,LMO4,635,7.79298,2
TERF1,TERF1,500,7.79281,2
PEX19,PEX19,54,7.79081,2
CEP55,CEP55,628,7.79065,2
CUL4A,CUL4A,314,7.7898,2
BRD1,BRD1,1255,7.78958,2
XCL2,XCL2,1034,7.78892,2
LRRK2,LRRK2,607,7.78874,2
APOE,APOE,496,7.78853,2
SMAD4,SMAD4,28,7.78831,2
ASH2L,ASH2L,468,7.78734,2
NCOA3,NCOA3,249,7.7866,2
EXOC8,EXOC8,1086,7.78595,2
FANCA,FANCA,618,7.78593,2
GAB1,GAB1,0,7.78538,2
KLC4,KLC4,1622,7.78536,2
CDC23,CDC23,1214,7.78529,2
VAPB,VAPB,950,7.78514,2
UBE2S,UBE2S,488,7.78413,2
PPM1A,PPM1A,279,7.78337,2
SNRPA,SNRPA,476,7.78321,2
MTREX,MTREX,1614,7.78303,2
VASP,VASP,924,7.78303,2
UBE2A,UBE2A,1164,7.7814,2
HDAC1,HDAC1,31,7.78103,2
TFDP1,TFDP1,165,7.78102,2
HGS,HGS,739,7.78102,2
MCM7,MCM7,323,7.78078,2
GRSF1,GRSF1,1679,7.7804,2
HTRA2,HTRA2,354,7.78036,2
CNOT7,CNOT7,974,7.77994,2
DKC1,DKC1,345,7.77915,2
KLC1,KLC1,579,7.77811,2
RNF4,RNF4,492,7.77798,2
CDK8,CDK8,1069,7.7775,2
EIF3A,EIF3A,634,7.77646,2
XRN2,XRN2,1130,7.77616,2
TNNI1,TNNI1,542,7.77571,2
MLH1,MLH1,43,7.7757,2
NXF1,NXF1,483,7.77524,2
RBP2,RBP2,1205,7.77501,2
BBS10,BBS10,1030,7.77498,2
HEY2,HEY2,177,7.77424,2
FANCM,FANCM,1239,7.77262,2
E2F4,E2F4,164,7.77255,2
RBBP5,RBBP5,467,7.77238,2
STAU1,STAU1,356,7.77236,2
SPI1,SPI1,399,7.7718,2
MYL6,MYL6,1609,7.77143,2
RXRA,RXRA,109,7.7714,2
SIN3A,SIN3A,30,7.77111,2
LSM 4.00,LSM 4.00,1111,7.77042,2
PHC2,PHC2,376,7.76994,2
TAF7,TAF7,1207,7.76937,2
RXRB,RXRB,1388,7.76929,2
IRF3,IRF3,77,7.76924,2
MED4,MED4,697,7.7684,2
COX15,COX15,1618,7.76801,2
SKP1,SKP1,259,7.76775,2
NDC80,NDC80,187,7.76731,2
SGF29,SGF29,657,7.76731,2
IFT74,IFT74,689,7.76717,2
PSMD6,PSMD6,298,7.76567,2
FOXG1,FOXG1,1315,7.76558,2
CUL4B,CUL4B,316,7.76558,2
PPIH,PPIH,1061,7.76451,2
RNPS1,RNPS1,537,7.76431,2
CPSF2,CPSF2,393,7.7639,2
LAMP2,LAMP2,1028,7.76342,2
RFC3,RFC3,700,7.76327,2
EEA1,EEA1,593,7.76301,2
RFC2,RFC2,1159,7.76197,2
TEAD2,TEAD2,18,7.76077,2
THOC1,THOC1,1070,7.75951,2
CDK5,CDK5,725,7.75837,2
WDR83,WDR83,658,7.75704,2
SYF2,SYF2,1703,7.75639,2
KRT38,KRT38,545,7.75533,2
CREB3,CREB3,862,7.75177,2
TRAF3,TRAF3,339,7.75145,2
RIPK1,RIPK1,255,7.75081,2
MCRS1,MCRS1,655,7.74542,2
MED31,MED31,707,7.73309,2
MAIP1,MAIP1,1659,7.72367,2
RNF8,RNF8,572,7.74291,3
MAFB,MAFB,125,7.73813,3
DSG1,DSG1,1919,7.73785,3
CALU,CALU,1721,7.73643,3
SP100,SP100,833,7.73086,3
RAI14,RAI14,1778,7.72794,3
ATF1,ATF1,1333,7.724,3
PINX1,PINX1,988,7.72396,3
ZER1,ZER1,785,7.71967,3
PEBP1,PEBP1,207,7.71741,3
STAU2,STAU2,1935,7.70977,3
FBXW4,FBXW4,604,7.70786,3
RFX3,RFX3,585,7.70084,3
CRX,CRX,1551,7.69661,3
OCLN,OCLN,1559,7.69575,3
LDB3,LDB3,1864,7.6952,3
CASP7,CASP7,324,7.69517,3
IRF2,IRF2,439,7.69081,3
SAE1,SAE1,1676,7.68882,3
COPG1,COPG1,1907,7.68822,3
BRAF,BRAF,1429,7.68756,3
FBXL7,FBXL7,625,7.68726,3
TYK2,TYK2,1416,7.68668,3
SKA1,SKA1,1580,7.68509,3
HDAC8,HDAC8,1185,7.68462,3
CDC26,CDC26,1690,7.68454,3
NSUN4,NSUN4,1923,7.6834,3
POMP,POMP,1745,7.67787,3
SRCAP,SRCAP,1520,7.67746,3
MSX1,MSX1,1451,7.67603,3
FOXK1,FOXK1,1295,7.67487,3
LEF1,LEF1,115,7.67383,3
CALM3,CALM3,1213,7.67317,3
MAFG,MAFG,1966,7.67299,3
SALL1,SALL1,1476,7.67279,3
ESCO2,ESCO2,1863,7.67255,3
DDX41,DDX41,1282,7.67246,3
THAP1,THAP1,491,7.67022,3
NEDD8,NEDD8,1235,7.66904,3
RBM25,RBM25,1613,7.66901,3
GYS2,GYS2,1890,7.66768,3
SETX,SETX,1860,7.6669,3
CARM1,CARM1,1548,7.66558,3
GRWD1,GRWD1,1881,7.66414,3
MAML1,MAML1,1396,7.66378,3
NLRP3,NLRP3,1901,7.66301,3
CCNB2,CCNB2,1204,7.65686,3
BATF2,BATF2,671,7.65661,3
FOXK2,FOXK2,1296,7.65316,3
EPN1,EPN1,1334,7.65313,3
PGAM1,PGAM1,1310,7.65026,3
GLI3,GLI3,1549,7.64968,3
RUNX3,RUNX3,1203,7.64405,3
PPIL3,PPIL3,517,7.8037,4
MYH7B,MYH7B,1754,7.768,4
UBE2C,UBE2C,1600,7.76337,4
OAZ1,OAZ1,1557,7.75694,4
WDR62,WDR62,1230,7.74653,4
TMED1,TMED1,948,7.74593,4
LUC7L,LUC7L,568,7.74542,4
PPM1B,PPM1B,1708,7.74531,4
DAPK1,DAPK1,1691,7.74449,4
PALLD,PALLD,1377,7.74238,4
TLR3,TLR3,440,7.74061,4
TINF2,TINF2,1126,7.74055,4
PSRC1,PSRC1,1627,7.72022,4
NSD1,NSD1,1685,7.71849,4
RHEB,RHEB,1831,7.71699,4
HMGN2,HMGN2,941,7.71669,4
PNISR,PNISR,1871,7.71641,4
UBE2B,UBE2B,40,7.71496,4
HERC2,HERC2,1758,7.71398,4
RNF11,RNF11,780,7.71382,4
UBE4A,UBE4A,1914,7.71096,4
FOXC1,FOXC1,1313,7.70984,4
CALM1,CALM1,308,7.70884,4
ZWINT,ZWINT,1568,7.70833,4
KDM5B,KDM5B,1577,7.70805,4
PON2,PON2,1717,7.70725,4
NR0B2,NR0B2,1183,7.70724,4
NCBP2,NCBP2,34,7.70569,4
CDK13,CDK13,1626,7.70442,4
CCNL2,CCNL2,1491,7.70381,4
GORAB,GORAB,792,7.70344,4
HELB,HELB,1861,7.70274,4
ERCC6,ERCC6,1068,7.70099,4
PLCE1,PLCE1,1964,7.70065,4
STMN1,STMN1,1977,7.70057,4
MYO1A,MYO1A,1850,7.69862,4
MYO1F,MYO1F,1933,7.69854,4
KIF2A,KIF2A,1767,7.69823,4
GMCL2,GMCL2,830,7.6977,4
TBCA,TBCA,1963,7.6973,4
HMGA2,HMGA2,1867,7.69481,4
TFB1M,TFB1M,794,7.69445,4
DCLK1,DCLK1,1656,7.69356,4
CLOCK,CLOCK,1516,7.69237,4
VRK1,VRK1,729,7.69106,4
HAUS2,HAUS2,1930,7.69046,4
SON,SON,1619,7.68982,4
NCEH1,NCEH1,1851,7.68637,4
TTLL5,TTLL5,1777,7.68596,4
RPAP2,RPAP2,1243,7.68538,4
DEAF1,DEAF1,1515,7.68515,4
SNAI2,SNAI2,1547,7.68439,4
KDM6A,KDM6A,1046,7.68363,4
HAP1,HAP1,1461,7.68273,4
MBD1,MBD1,1116,7.682,4
SUMO3,SUMO3,1415,7.68148,4
TEAD1,TEAD1,1570,7.67844,4
HIC1,HIC1,1853,7.67665,4
TYRP1,TYRP1,1593,7.67623,4
PTBP2,PTBP2,816,7.67513,4
COPB2,COPB2,1085,7.67297,4
EGLN3,EGLN3,1854,7.67117,4
FOXJ3,FOXJ3,1575,7.66799,4
CLIC4,CLIC4,1725,7.66713,4
DOCK2,DOCK2,1348,7.66601,4
NEXN,NEXN,1786,7.66269,4
TDG,TDG,1846,7.65699,4
SOS 2,SOS 2,232,7.65491,4
RMI1,RMI1,1556,7.64411,4
NOD2,NOD2,326,7.64197,4
XRN1,XRN1,1929,7.63847,4
ELMO2,ELMO2,1780,7.62853,4
MYO5B,MYO5B,1771,7.61735,4
PEX3,PEX3,55,7.78612,5
ARF6,ARF6,695,7.78489,5
CAPZB,CAPZB,1108,7.78109,5
RBL2,RBL2,271,7.78026,5
HAUS3,HAUS3,1153,7.78019,5
AP1G1,AP1G1,874,7.77971,5
IQCB1,IQCB1,473,7.77822,5
PSMD2,PSMD2,691,7.77791,5
DPM1,DPM1,709,7.77764,5
RNF31,RNF31,1323,7.77711,5
LCA5,LCA5,1136,7.77665,5
STAG2,STAG2,674,7.77639,5
EPAS1,EPAS1,143,7.77636,5
RBM8A,RBM8A,521,7.77636,5
GPS2,GPS2,132,7.77582,5
MGME1,MGME1,783,7.77481,5
NCK1,NCK1,173,7.7741,5
BBS5,BBS5,631,7.77313,5
RASA1,RASA1,156,7.77305,5
MED30,MED30,675,7.7727,5
SYNPO,SYNPO,455,7.77238,5
MYO19,MYO19,1769,7.77215,5
AGO1,AGO1,876,7.77213,5
WASL,WASL,197,7.77205,5
DCTN2,DCTN2,704,7.77147,5
FZR1,FZR1,914,7.77059,5
FBXW5,FBXW5,405,7.77057,5
DVL2,DVL2,294,7.77032,5
FOXO1,FOXO1,166,7.77024,5
NEDD4,NEDD4,1246,7.77007,5
FKBP8,FKBP8,169,7.76967,5
HDAC7,HDAC7,195,7.76918,5
SP1,SP1,201,7.76905,5
CNOT9,CNOT9,1604,7.76887,5
NCBP1,NCBP1,35,7.76875,5
PIAS4,PIAS4,106,7.76867,5
TNNT1,TNNT1,614,7.76855,5
TERT,TERT,244,7.76804,5
ZAP70,ZAP70,220,7.76721,5
YAP1,YAP1,19,7.76716,5
TTC8,TTC8,632,7.76699,5
HCFC1,HCFC1,403,7.76688,5
CEP97,CEP97,1322,7.76683,5
PPIB,PPIB,987,7.76678,5
ATF4,ATF4,664,7.76673,5
SCO1,SCO1,1876,7.76649,5
ECT2,ECT2,1080,7.76593,5
ERBB3,ERBB3,215,7.76577,5
VDAC3,VDAC3,1106,7.7657,5
RFC1,RFC1,989,7.76564,5
TBK1,TBK1,296,7.76563,5
AQR,AQR,693,7.76562,5
NSL1,NSL1,1244,7.76524,5
UBB,UBB,1422,7.76523,5
FAF1,FAF1,1402,7.76523,5
DDX21,DDX21,1131,7.76516,5
MYOM2,MYOM2,743,7.76507,5
HDAC9,HDAC9,621,7.76492,5
SUMO1,SUMO1,95,7.76486,5
RFC4,RFC4,637,7.76449,5
MBD3,MBD3,449,7.76404,5
HDAC6,HDAC6,590,7.76398,5
ETS1,ETS1,451,7.76396,5
FADD,FADD,150,7.76387,5
PDIA3,PDIA3,610,7.7636,5
TAL1,TAL1,963,7.76343,5
CIR1,CIR1,256,7.76337,5
MAVS,MAVS,357,7.76327,5
BCAR1,BCAR1,227,7.76323,5
MED24,MED24,714,7.76293,5
CCNA2,CCNA2,93,7.76281,5
E2F3,E2F3,1191,7.76277,5
XRCC5,XRCC5,13,7.76251,5
TSC1,TSC1,21,7.76231,5
REST,REST,1209,7.76223,5
COX7C,COX7C,1897,7.76218,5
PAAF1,PAAF1,940,7.76208,5
TAB1,TAB1,377,7.76189,5
WAPL,WAPL,1066,7.76165,5
PCGF1,PCGF1,561,7.7616,5
AP1M2,AP1M2,423,7.76127,5
DCTN4,DCTN4,1152,7.76123,5
PSMD8,PSMD8,901,7.76123,5
ORC6,ORC6,1083,7.76106,5
ORC1,ORC1,650,7.76094,5
FANCB,FANCB,1238,7.76085,5
U2AF1,U2AF1,435,7.7608,5
ORC2,ORC2,666,7.76075,5
FBXW8,FBXW8,391,7.76068,5
DDX20,DDX20,750,7.76066,5
SF3B2,SF3B2,522,7.76064,5
SEC13,SEC13,747,7.76058,5
CSPP1,CSPP1,1669,7.76044,5
KRT83,KRT83,544,7.76033,5
SMAD7,SMAD7,278,7.76023,5
ATF2,ATF2,23,7.75983,5
SF3A3,SF3A3,519,7.75977,5
CUL7,CUL7,362,7.75975,5
CD79B,CD79B,230,7.75969,5
EIF3I,EIF3I,847,7.75942,5
MRM1,MRM1,1781,7.75938,5
DDX42,DDX42,1120,7.7593,5
NR2C2,NR2C2,1027,7.7585,5
RBBP7,RBBP7,337,7.75847,5
DHX15,DHX15,520,7.75847,5
DLG1,DLG1,511,7.75846,5
TAF4,TAF4,489,7.75831,5
DHX8,DHX8,774,7.75821,5
DCAF4,DCAF4,417,7.75793,5
FOS,FOS,24,7.75784,5
DISC1,DISC1,599,7.75748,5
THOC2,THOC2,1232,7.75731,5
CLK2,CLK2,471,7.75719,5
TNNT2,TNNT2,662,7.75698,5
SF3A2,SF3A2,538,7.75688,5
PSMD7,PSMD7,645,7.75664,5
NBN,NBN,758,7.75663,5
DOK2,DOK2,155,7.75604,5
MCM4,MCM4,453,7.75603,5
CEP63,CEP63,735,7.75601,5
MTA2,MTA2,584,7.75588,5
MMS19,MMS19,715,7.75554,5
EIF3B,EIF3B,528,7.75553,5
PRPS1,PRPS1,547,7.75549,5
LMNB2,LMNB2,696,7.75501,5
TEFM,TEFM,1953,7.75501,5
CNOT1,CNOT1,973,7.75492,5
CDK7,CDK7,869,7.75491,5
PHC1,PHC1,402,7.7547,5
CBX4,CBX4,842,7.75441,5
BUB3,BUB3,182,7.75419,5
MED13,MED13,1210,7.75419,5
HMGB1,HMGB1,383,7.75411,5
KRT81,KRT81,818,7.75402,5
PPIF,PPIF,1052,7.75395,5
PAK1,PAK1,65,7.75394,5
MED1,MED1,349,7.7536,5
TAF11,TAF11,931,7.75328,5
LSM 2.00,LSM 2.00,530,7.75313,5
RFC5,RFC5,875,7.75298,5
TAF7L,TAF7L,1421,7.75275,5
TAF2,TAF2,878,7.75265,5
MED17,MED17,1021,7.75237,5
MED18,MED18,592,7.75223,5
NPC1,NPC1,703,7.75223,5
NUP43,NUP43,1247,7.75214,5
SRSF1,SRSF1,836,7.75168,5
NR4A1,NR4A1,419,7.75163,5
RBM22,RBM22,1172,7.75147,5
ILK,ILK,159,7.75139,5
LIMA1,LIMA1,1770,7.75129,5
ACD,ACD,778,7.75095,5
CTBP2,CTBP2,1311,7.75076,5
PTEN,PTEN,107,7.75023,5
PPIL1,PPIL1,549,7.75015,5
PLRG1,PLRG1,809,7.75011,5
MED16,MED16,713,7.75005,5
SRSF4,SRSF4,827,7.74996,5
CD79A,CD79A,229,7.74985,5
PINK1,PINK1,1178,7.74977,5
EPN3,EPN3,1583,7.74966,5
MED20,MED20,591,7.74964,5
UBXN1,UBXN1,904,7.74961,5
MATR3,MATR3,812,7.74956,5
SRPK2,SRPK2,472,7.74943,5
BECN1,BECN1,426,7.7487,5
MMAB,MMAB,1927,7.74867,5
MED19,MED19,566,7.74847,5
FLOT1,FLOT1,50,7.74837,5
MED26,MED26,1071,7.74833,5
EZH1,EZH1,911,7.7483,5
MED8,MED8,611,7.74816,5
UHRF2,UHRF2,1573,7.7481,5
PHC3,PHC3,319,7.74788,5
MED6,MED6,583,7.74781,5
MED11,MED11,612,7.74759,5
ORC3,ORC3,798,7.74687,5
DHX30,DHX30,1680,7.74686,5
TRAF2,TRAF2,254,7.74679,5
MSH5,MSH5,138,7.74643,5
MED10,MED10,815,7.74612,5
SURF1,SURF1,1617,7.74601,5
MED14,MED14,932,7.74592,5
PSMD4,PSMD4,447,7.74587,5
TAF1,TAF1,661,7.74575,5
SENP3,SENP3,1279,7.74546,5
CCNA1,CCNA1,92,7.74543,5
UBE3A,UBE3A,822,7.74539,5
SF3B4,SF3B4,670,7.74536,5
UCHL5,UCHL5,985,7.74528,5
PPIE,PPIE,692,7.74524,5
PSMD9,PSMD9,1294,7.74524,5
PSMD3,PSMD3,574,7.7444,5
PSMD1,PSMD1,504,7.7443,5
STOM,STOM,805,7.74325,5
IRS4,IRS4,979,7.74314,5
TAB2,TAB2,236,7.74242,5
ELOC,ELOC,32,7.74201,5
TERF2,TERF2,170,7.74177,5
PHF5A,PHF5A,384,7.74107,5
PSMD5,PSMD5,1324,7.74076,5
FXR1,FXR1,831,7.74068,5
MED23,MED23,1217,7.74042,5
PAK2,PAK2,998,7.74004,5
SRSF7,SRSF7,683,7.73996,5
VCAM1,VCAM1,1651,7.73977,5
NANOG,NANOG,1686,7.73957,5
SKIL,SKIL,213,7.7393,5
LARP7,LARP7,1228,7.73803,5
MYH6,MYH6,1718,7.73759,5
ISY1,ISY1,773,7.73754,5
MFN2,MFN2,364,7.73724,5
ORC4,ORC4,887,7.73708,5
SF3B6,SF3B6,959,7.73539,5
SF3B5,SF3B5,1123,7.73434,5
DCTN3,DCTN3,733,7.73399,5
TAF13,TAF13,930,7.73396,5
MGST1,MGST1,1688,7.73356,5
MED29,MED29,567,7.73141,5
UGDH,UGDH,1664,7.72975,5
CRBN,CRBN,450,7.7275,5
LEO1,LEO1,581,7.72489,5
GNAI1,GNAI1,1611,7.72485,5
LRWD1,LRWD1,1590,7.71442,5
FREM2,FREM2,994,7.85968,6
IFFO1,IFFO1,791,7.85878,6
DDX18,DDX18,1727,7.8495,6
AP3M2,AP3M2,1802,7.84892,6
ARL 3.00,ARL 3.00,853,7.84689,6
ACOT9,ACOT9,1681,7.84597,6
ANLN,ANLN,1661,7.84529,6
AP3S1,AP3S1,1438,7.84476,6
ACSM5,ACSM5,1835,7.84377,6
BMP1,BMP1,1225,7.84133,6
DSG2,DSG2,1054,7.83743,6
AP4B1,AP4B1,1465,7.83734,6
B9D1,B9D1,803,7.83707,6
B9D2,B9D2,802,7.83698,6
TAFA4,TAFA4,1814,7.83675,6
TRAF6,TRAF6,52,7.83541,6
AP4M1,AP4M1,1529,7.83404,6
DSC2,DSC2,1053,7.83374,6
GNAQ,GNAQ,1505,7.83147,6
GNA12,GNA12,146,7.83048,6
COMP,COMP,1970,7.82855,6
GBF1,GBF1,1888,7.82847,6
ARF1,ARF1,1472,7.82812,6
ABHD5,ABHD5,63,7.82798,6
LAMB3,LAMB3,1406,7.82781,6
GNA13,GNA13,147,7.82764,6
CHRD,CHRD,1226,7.82711,6
COQ9,COQ9,1789,7.8265,6
CDC42,CDC42,433,7.82591,6
CBX5,CBX5,104,7.82504,6
AP4E1,AP4E1,1464,7.82492,6
BSN,BSN,1447,7.82407,6
VDAC1,VDAC1,392,7.82323,6
PLIN5,PLIN5,1040,7.82141,6
WNT3A,WNT3A,203,7.82111,6
AP2S1,AP2S1,1398,7.81987,6
DLG4,DLG4,130,7.81927,6
C1D,C1D,1832,7.81889,6
FREM1,FREM1,993,7.8184,6
TFAM,TFAM,793,7.81808,6
TKT,TKT,1308,7.81586,6
PIGU,PIGU,1601,7.81488,6
PIGS,PIGS,1602,7.8134,6
INHA,INHA,1496,7.81244,6
PDGFA,PDGFA,89,7.81239,6
BMP7,BMP7,1437,7.81238,6
C1QC,C1QC,1275,7.81219,6
CXCL2,CXCL2,1089,7.81014,6
APOA1,APOA1,716,7.80911,6
COG6,COG6,1607,7.80888,6
EGFL7,EGFL7,1972,7.80862,6
PIGT,PIGT,1603,7.80837,6
RAB3A,RAB3A,1701,7.80729,6
CD3E,CD3E,123,7.80703,6
C1QA,C1QA,1276,7.80655,6
ACTN1,ACTN1,81,7.80644,6
CRKL,CRKL,196,7.806,6
NOXA1,NOXA1,1484,7.80508,6
RAB3B,RAB3B,1700,7.80468,6
PKP2,PKP2,1483,7.80325,6
PLIN1,PLIN1,64,7.80218,6
ITCH,ITCH,1542,7.80123,6
MYBPH,MYBPH,1154,7.79926,6
GRM2,GRM2,1514,7.79689,6
GAN,GAN,1699,7.79573,6
COA6,COA6,1878,7.79022,6
ACSL4,ACSL4,1621,7.78755,6
COQ8B,COQ8B,1794,7.78077,6
CCL5,CCL5,1090,7.77858,6
CTAG2,CTAG2,1147,7.77555,6
DNAI2,DNAI2,1843,7.77219,6
NLGN1,NLGN1,1524,7.76349,6
ZBED1,ZBED1,1574,7.75189,6
XRCC4,XRCC4,619,7.74232,6
CENPJ,CENPJ,1757,7.77744,7
IRS1,IRS1,212,7.76043,7
KDM2B,KDM2B,1112,7.75946,7
BIRC2,BIRC2,253,7.75944,7
ALDOA,ALDOA,1305,7.75847,7
CFLAR,CFLAR,297,7.75822,7
BRCA2,BRCA2,11,7.75642,7
ANK3,ANK3,1139,7.75501,7
FOXO3,FOXO3,281,7.75495,7
EPN2,EPN2,1389,7.75261,7
CAV2,CAV2,264,7.7506,7
FOXS1,FOXS1,1300,7.74929,7
DERL3,DERL3,1530,7.74908,7
NAGK,NAGK,1029,7.74575,7
ERAL1,ERAL1,1884,7.74571,7
BID,BID,49,7.74495,7
PARD3,PARD3,1180,7.74255,7
ATF5,ATF5,1666,7.74216,7
CLIP2,CLIP2,1775,7.74211,7
AP3B2,AP3B2,1439,7.74095,7
ACTN3,ACTN3,379,7.74072,7
CRK,CRK,185,7.74054,7
AGR2,AGR2,1859,7.74047,7
PLK4,PLK4,1494,7.73998,7
GRIP1,GRIP1,1522,7.73941,7
ACLY,ACLY,1198,7.73756,7
NR2F6,NR2F6,1405,7.73628,7
CASQ2,CASQ2,1432,7.73496,7
CCL24,CCL24,899,7.73378,7
CCL8,CCL8,513,7.73335,7
DCP1A,DCP1A,280,7.7332,7
APOC1,APOC1,1460,7.73315,7
APOH,APOH,564,7.7325,7
NUP93,NUP93,1427,7.7311,7
DRD2,DRD2,551,7.73044,7
MKKS,MKKS,573,7.72957,7
PAF1,PAF1,558,7.72842,7
FANCC,FANCC,797,7.72841,7
CISD2,CISD2,1063,7.72799,7
GSK3A,GSK3A,1125,7.72632,7
MACF1,MACF1,1001,7.72614,7
IDH3A,IDH3A,975,7.72587,7
ADRM1,ADRM1,505,7.72541,7
BMX,BMX,416,7.7245,7
DDX28,DDX28,1946,7.72418,7
HAUS5,HAUS5,1252,7.72397,7
CISD3,CISD3,1791,7.72335,7
DCAF1,DCAF1,1564,7.7229,7
PYM1,PYM1,1240,7.72271,7
ACOT4,ACOT4,1648,7.72224,7
BLK,BLK,234,7.72157,7
SCP2,SCP2,1479,7.7213,7
SUGP1,SUGP1,1135,7.71998,7
MIS12,MIS12,1245,7.71936,7
LAT,LAT,1442,7.7192,7
PARP2,PARP2,1287,7.71787,7
EPC1,EPC1,309,7.71729,7
AEBP2,AEBP2,415,7.71692,7
ERH,ERH,1847,7.71678,7
GNL3,GNL3,1615,7.71665,7
NFYC,NFYC,283,7.71605,7
CCL17,CCL17,938,7.71581,7
MLH3,MLH3,139,7.71437,7
CEP19,CEP19,1913,7.7143,7
ELK1,ELK1,269,7.71207,7
TOP2A,TOP2A,1441,7.70936,7
PPM1G,PPM1G,1115,7.70925,7
DHX9,DHX9,355,7.70883,7
BAG1,BAG1,1167,7.70881,7
NR1H3,NR1H3,644,7.70821,7
FMR1,FMR1,755,7.7076,7
SATB2,SATB2,1299,7.70727,7
PSME3,PSME3,1291,7.70624,7
PDE12,PDE12,1740,7.70517,7
RAB2A,RAB2A,1653,7.70454,7
ARPC4,ARPC4,825,7.70435,7
ATF6B,ATF6B,1836,7.70365,7
CCL20,CCL20,1035,7.70357,7
SIAH1,SIAH1,1010,7.70187,7
CISD1,CISD1,1722,7.70093,7
RBM14,RBM14,1272,7.70061,7
CBX2,CBX2,333,7.69928,7
DCAF7,DCAF7,1087,7.69649,7
MED7,MED7,814,7.69307,7
CMC1,CMC1,1879,7.69239,7
FAF2,FAF2,1459,7.68954,7
TRADD,TRADD,299,7.6887,7
DDX1,DDX1,1407,7.68869,7
ATF3,ATF3,179,7.68657,7
CPT1A,CPT1A,1482,7.68206,7
EAF1,EAF1,1072,7.6785,7
MRM3,MRM3,1942,7.67364,7
LYRM7,LYRM7,1940,7.67162,7
NFYB,NFYB,282,7.85901,8
LYRM4,LYRM4,1949,7.83218,8
CBR4,CBR4,1959,7.82522,8
NUP88,NUP88,1492,7.82312,8
SMAD6,SMAD6,373,7.81284,8
LRP2,LRP2,72,7.8065,8
JAK1,JAK1,261,7.80456,8
STAT2,STAT2,430,7.78846,8
RELB,RELB,79,7.78405,8
PELI3,PELI3,394,7.78236,8
LRIF1,LRIF1,1117,7.77427,8
PPARD,PPARD,957,7.77384,8
GFAP,GFAP,829,7.77302,8
CDCA5,CDCA5,1119,7.77176,8
MTO1,MTO1,1945,7.77097,8
CPSF7,CPSF7,1616,7.77045,8
GRIA4,GRIA4,1401,7.7668,8
RBM28,RBM28,1566,7.7632,8
EIF3L,EIF3L,1466,7.76185,8
ENY2,ENY2,1532,7.76104,8
LIN9,LIN9,881,7.75506,8
DDX46,DDX46,1280,7.75332,8
SENP2,SENP2,893,7.74567,8
LATS1,LATS1,964,7.74309,8
DOK1,DOK1,223,7.74182,8
EHMT2,EHMT2,1250,7.73723,8
MEF2A,MEF2A,1302,7.7358,8
GRB10,GRB10,813,7.72799,8
ARL 6.00,ARL 6.00,526,7.72362,8
CCR5,CCR5,1168,7.72197,8
AVIL,AVIL,1840,7.71699,8
HELLS,HELLS,1544,7.71503,8
CELF1,CELF1,1925,7.7123,8
CENPV,CENPV,1829,7.71064,8
MCMBP,MCMBP,322,7.70682,8
CDC45,CDC45,1455,7.70545,8
CCND3,CCND3,210,7.69844,8
SYNE2,SYNE2,889,7.69776,8
ATRIP,ATRIP,1523,7.69313,8
H2BFS,H2BFS,1779,7.69272,8
SREK1,SREK1,1093,7.68896,8
IRF1,IRF1,338,7.68303,8
PRC1,PRC1,206,7.6786,8
HNF4A,HNF4A,291,7.67691,8
CKAP2,CKAP2,1764,7.76753,9
BAAT,BAAT,1646,7.75428,9
BAZ2A,BAZ2A,1268,7.75229,9
JUNB,JUNB,174,7.74387,9
NUP37,NUP37,1196,7.74041,9
BMPR2,BMPR2,306,7.73116,9
LIN37,LIN37,482,7.73022,9
ARPC5,ARPC5,1211,7.72245,9
GNAI3,GNAI3,301,7.71938,9
FOXO6,FOXO6,1298,7.71796,9
CD2AP,CD2AP,1000,7.71259,9
STRAP,STRAP,1309,7.70692,9
NCK2,NCK2,265,7.70521,9
FOXM1,FOXM1,307,7.70473,9
OPTN,OPTN,442,7.70116,9
PUF60,PUF60,685,7.69789,9
ID2,ID2,270,7.69723,9
EGR1,EGR1,397,7.69492,9
AGO3,AGO3,1926,7.69305,9
ARNT2,ARNT2,1372,7.69169,9
ORC5,ORC5,667,7.69033,9
NUPR1,NUPR1,1151,7.68347,9
CDC6,CDC6,638,7.68035,9
CCNT1,CCNT1,96,7.67772,9
AHR,AHR,946,7.67761,9
CASP9,CASP9,1390,7.67541,9
CALD1,CALD1,1579,7.67466,9
ABCF1,ABCF1,1290,7.6705,9
AURKC,AURKC,570,7.67048,9
CASP6,CASP6,341,7.66441,9
DDX23,DDX23,916,7.66259,9
AAK1,AAK1,1804,7.65861,9
API5,API5,1278,7.65086,9
